settlement,teaor,bin,count
Aba,41,1-4,5
Aba,66,1-4,6
Abasár,66,1-4,9
Abaújszántó,11,1-4,5
Abaújszántó,41,1-4,10
Abaújszántó,55,1-4,6
Abony,16,1-4,6
Abony,41,1-4,20
Abony,66,1-4,40
Abony,80,1-4,8
Abony,90,1-4,18
Abony,41,5-9,6
Abádszalók,41,1-4,11
Abádszalók,55,1-4,9
Abádszalók,66,1-4,5
Adony,23,1-4,23
Adony,66,1-4,8
Adony,23,10-19,9
Adács,66,1-4,6
Aggtelek,55,1-4,5
Ajak,66,1-4,7
Ajak,90,1-4,7
Ajka,16,1-4,6
Ajka,41,1-4,38
Ajka,55,1-4,8
Ajka,66,1-4,84
Ajka,80,1-4,35
Ajka,90,1-4,27
Ajka,23,50-249,6
Akasztó,11,1-4,8
Akasztó,66,1-4,5
Albertirsa,16,1-4,6
Albertirsa,41,1-4,41
Albertirsa,66,1-4,25
Albertirsa,90,1-4,11
Albertirsa,41,5-9,7
Algyõ,41,1-4,9
Algyõ,66,1-4,13
Algyõ,90,1-4,8
Alsónémedi,41,1-4,12
Alsónémedi,66,1-4,7
Alsónémedi,90,1-4,10
Alsóregmec,16,1-4,7
Alsózsolca,41,1-4,6
Alsózsolca,66,1-4,14
Alsóörs,23,1-4,7
Alsóörs,41,1-4,12
Alsóörs,66,1-4,7
Anarcs,41,1-4,6
Anarcs,66,1-4,5
Andocs,41,1-4,5
Andornaktálya,41,1-4,5
Andornaktálya,66,1-4,13
Andornaktálya,90,1-4,5
Apagy,66,1-4,5
Arnót,66,1-4,8
Arnót,90,1-4,5
Aszód,41,1-4,11
Aszód,66,1-4,9
Aszód,90,1-4,11
Aszófõ,23,1-4,7
Atkár,16,1-4,5
Badacsonytomaj,11,1-4,11
Badacsonytomaj,41,1-4,5
Badacsonytomaj,55,1-4,19
Bag,16,1-4,6
Bag,41,1-4,7
Bag,66,1-4,7
Bag,90,1-4,7
Bagamér,41,1-4,5
Bagamér,80,1-4,5
Baj,41,1-4,5
Baja,11,1-4,5
Baja,41,1-4,30
Baja,55,1-4,13
Baja,66,1-4,94
Baja,80,1-4,6
Baja,90,1-4,43
Baja,41,10-19,7
Baja,41,5-9,7
Bakonybél,16,1-4,15
Bakonybél,55,1-4,6
Bakonycsernye,66,1-4,6
Bakonypölöske,23,1-4,6
Bakonyszentkirály,23,5-9,20
Baks,41,1-4,6
Baktalórántháza,66,1-4,8
Balassagyarmat,41,1-4,11
Balassagyarmat,55,1-4,6
Balassagyarmat,66,1-4,36
Balassagyarmat,80,1-4,14
Balassagyarmat,90,1-4,17
Balatonakali,55,1-4,6
Balatonakarattya,23,1-4,16
Balatonalmádi,41,1-4,22
Balatonalmádi,55,1-4,23
Balatonalmádi,66,1-4,27
Balatonalmádi,90,1-4,34
Balatonalmádi,41,5-9,9
Balatonberény,55,1-4,12
Balatonboglár,41,1-4,9
Balatonboglár,55,1-4,42
Balatonboglár,66,1-4,5
Balatonboglár,90,1-4,9
Balatonederics,41,1-4,5
Balatonederics,66,1-4,7
Balatonendréd,41,1-4,8
Balatonfenyves,16,1-4,8
Balatonfenyves,41,1-4,5
Balatonfenyves,55,1-4,8
Balatonfenyves,90,1-4,5
Balatonfõkajár,41,1-4,12
Balatonföldvár,55,1-4,16
Balatonföldvár,66,1-4,12
Balatonföldvár,90,1-4,5
Balatonfûzfõ,41,1-4,16
Balatonfûzfõ,55,1-4,5
Balatonfûzfõ,66,1-4,17
Balatonfûzfõ,90,1-4,10
Balatonfüred,11,1-4,13
Balatonfüred,41,1-4,28
Balatonfüred,55,1-4,56
Balatonfüred,66,1-4,26
Balatonfüred,90,1-4,22
Balatonfüred,23,10-19,12
Balatonfüred,23,5-9,18
Balatonkenese,41,1-4,6
Balatonkenese,55,1-4,12
Balatonkenese,66,1-4,9
Balatonkenese,90,1-4,5
Balatonkeresztúr,55,1-4,19
Balatonlelle,41,1-4,10
Balatonlelle,55,1-4,56
Balatonlelle,66,1-4,11
Balatonlelle,90,1-4,8
Balatonlelle,16,20-49,8
Balatonmáriafürdõ,41,1-4,6
Balatonmáriafürdõ,55,1-4,9
Balatonszabadi,23,1-4,84
Balatonszabadi,41,1-4,11
Balatonszabadi,66,1-4,10
Balatonszemes,55,1-4,11
Balatonszárszó,41,1-4,6
Balatonszárszó,55,1-4,21
Balatonvilágos,41,1-4,5
Balatonvilágos,66,1-4,5
Balkány,41,1-4,7
Ballószög,41,1-4,7
Ballószög,66,1-4,19
Balmazújváros,16,1-4,9
Balmazújváros,41,1-4,22
Balmazújváros,66,1-4,23
Balmazújváros,80,1-4,5
Balmazújváros,90,1-4,22
Balástya,41,1-4,6
Bana,41,1-4,6
Baracs,41,1-4,7
Baracs,66,1-4,11
Baracs,90,1-4,7
Baracska,66,1-4,5
Barcs,23,1-4,5
Barcs,41,1-4,14
Barcs,66,1-4,29
Barcs,90,1-4,6
Battonya,41,1-4,5
Bekecs,66,1-4,12
Bekecs,80,1-4,5
Berekfürdõ,55,1-4,6
Berettyóújfalu,16,1-4,5
Berettyóújfalu,41,1-4,16
Berettyóújfalu,55,1-4,6
Berettyóújfalu,66,1-4,28
Berettyóújfalu,80,1-4,17
Berettyóújfalu,90,1-4,13
Berhida,41,1-4,7
Berhida,66,1-4,7
Beszterec,23,1-4,5
Biatorbágy,16,1-4,5
Biatorbágy,41,1-4,53
Biatorbágy,66,1-4,24
Biatorbágy,90,1-4,56
Biatorbágy,41,5-9,6
Bicske,16,1-4,8
Bicske,23,1-4,5
Bicske,41,1-4,20
Bicske,66,1-4,39
Bicske,90,1-4,16
Bicske,41,5-9,5
Biharkeresztes,41,1-4,5
Bikal,16,1-4,23
Bocskaikert,41,1-4,12
Bocskaikert,66,1-4,13
Bocskaikert,80,1-4,8
Bocskaikert,90,1-4,6
Bocskaikert,41,20-49,5
Bodajk,66,1-4,5
Bodrogkeresztúr,11,1-4,12
Bodrogkeresztúr,16,10-19,101
Bodrogkeresztúr,16,20-49,62
Bodrogkisfalud,16,1-4,5
Bogyiszló,66,1-4,7
Bogács,55,1-4,26
Bogád,16,1-4,5
Bokod,41,1-4,5
Bokod,66,1-4,5
Boldog,23,1-4,8
Boldog,41,1-4,6
Boldva,66,1-4,6
Bonyhád,11,1-4,6
Bonyhád,41,1-4,20
Bonyhád,66,1-4,29
Bonyhád,90,1-4,11
Bonyhád,41,5-9,5
Bordány,41,1-4,6
Bordány,66,1-4,5
Borjád,16,1-4,8
Botykapeterd,41,1-4,5
Budajenõ,66,1-4,7
Budajenõ,90,1-4,9
Budakalász,41,1-4,10
Budakalász,66,1-4,30
Budakalász,90,1-4,42
Budakalász,41,5-9,6
Budakeszi,23,1-4,6
Budakeszi,41,1-4,21
Budakeszi,55,1-4,5
Budakeszi,66,1-4,39
Budakeszi,90,1-4,103
Budapest 01. kerület,23,1-4,7
Budapest 01. kerület,41,1-4,38
Budapest 01. kerület,55,1-4,22
Budapest 01. kerület,66,1-4,55
Budapest 01. kerület,78,1-4,10
Budapest 01. kerület,80,1-4,8
Budapest 01. kerület,90,1-4,236
Budapest 01. kerület,41,10-19,6
Budapest 01. kerület,41,5-9,11
Budapest 01. kerület,90,5-9,6
Budapest 01. kerület,84,50-249,7
Budapest 02. kerület,11,1-4,12
Budapest 02. kerület,16,1-4,9
Budapest 02. kerület,23,1-4,12
Budapest 02. kerület,41,1-4,232
Budapest 02. kerület,55,1-4,73
Budapest 02. kerület,66,1-4,228
Budapest 02. kerület,78,1-4,26
Budapest 02. kerület,80,1-4,31
Budapest 02. kerület,84,1-4,5
Budapest 02. kerület,90,1-4,721
Budapest 02. kerület,41,10-19,15
Budapest 02. kerület,66,10-19,6
Budapest 02. kerület,41,20-49,6
Budapest 02. kerület,55,20-49,11
Budapest 02. kerület,66,20-49,6
Budapest 02. kerület,84,250-1000,7
Budapest 02. kerület,41,5-9,34
Budapest 02. kerület,55,5-9,9
Budapest 02. kerület,66,5-9,9
Budapest 02. kerület,80,5-9,5
Budapest 02. kerület,90,5-9,6
Budapest 02. kerület,55,50-249,6
Budapest 03. kerület,11,1-4,5
Budapest 03. kerület,16,1-4,19
Budapest 03. kerület,23,1-4,16
Budapest 03. kerület,41,1-4,227
Budapest 03. kerület,55,1-4,45
Budapest 03. kerület,66,1-4,431
Budapest 03. kerület,78,1-4,17
Budapest 03. kerület,80,1-4,54
Budapest 03. kerület,90,1-4,563
Budapest 03. kerület,41,10-19,34
Budapest 03. kerület,80,10-19,8
Budapest 03. kerület,41,20-49,20
Budapest 03. kerület,80,20-49,6
Budapest 03. kerület,90,20-49,5
Budapest 03. kerület,41,5-9,45
Budapest 03. kerület,66,5-9,11
Budapest 03. kerület,80,5-9,12
Budapest 03. kerület,41,50-249,7
Budapest 03. kerület,55,50-249,6
Budapest 03. kerület,80,50-249,13
Budapest 03. kerület,84,50-249,5
Budapest 04. kerület,16,1-4,7
Budapest 04. kerület,23,1-4,8
Budapest 04. kerület,41,1-4,114
Budapest 04. kerület,55,1-4,14
Budapest 04. kerület,66,1-4,264
Budapest 04. kerület,78,1-4,6
Budapest 04. kerület,80,1-4,33
Budapest 04. kerület,90,1-4,248
Budapest 04. kerület,41,10-19,13
Budapest 04. kerület,80,20-49,9
Budapest 04. kerület,41,5-9,11
Budapest 04. kerület,80,5-9,10
Budapest 05. kerület,41,1-4,81
Budapest 05. kerület,55,1-4,75
Budapest 05. kerület,66,1-4,101
Budapest 05. kerület,78,1-4,18
Budapest 05. kerület,80,1-4,11
Budapest 05. kerület,84,1-4,8
Budapest 05. kerület,90,1-4,198
Budapest 05. kerület,41,10-19,16
Budapest 05. kerület,55,10-19,9
Budapest 05. kerület,66,10-19,7
Budapest 05. kerület,80,10-19,9
Budapest 05. kerület,55,20-49,9
Budapest 05. kerület,78,20-49,7
Budapest 05. kerület,84,250-1000,23
Budapest 05. kerület,41,5-9,15
Budapest 05. kerület,55,5-9,7
Budapest 05. kerület,66,5-9,11
Budapest 05. kerület,78,5-9,7
Budapest 05. kerület,90,5-9,5
Budapest 05. kerület,55,50-249,10
Budapest 05. kerület,66,50-249,5
Budapest 05. kerület,84,50-249,10
Budapest 06. kerület,11,1-4,6
Budapest 06. kerület,16,1-4,7
Budapest 06. kerület,23,1-4,6
Budapest 06. kerület,41,1-4,207
Budapest 06. kerület,55,1-4,76
Budapest 06. kerület,66,1-4,126
Budapest 06. kerület,78,1-4,17
Budapest 06. kerület,80,1-4,24
Budapest 06. kerület,90,1-4,283
Budapest 06. kerület,41,10-19,21
Budapest 06. kerület,55,10-19,10
Budapest 06. kerület,66,10-19,5
Budapest 06. kerület,78,10-19,7
Budapest 06. kerület,41,20-49,6
Budapest 06. kerület,55,20-49,9
Budapest 06. kerület,41,5-9,42
Budapest 06. kerület,55,5-9,9
Budapest 06. kerület,66,5-9,5
Budapest 06. kerület,78,5-9,6
Budapest 06. kerület,80,5-9,6
Budapest 06. kerület,90,5-9,8
Budapest 06. kerület,55,50-249,5
Budapest 06. kerület,90,50-249,5
Budapest 07. kerület,23,1-4,5
Budapest 07. kerület,41,1-4,129
Budapest 07. kerület,55,1-4,63
Budapest 07. kerület,66,1-4,105
Budapest 07. kerület,78,1-4,7
Budapest 07. kerület,80,1-4,12
Budapest 07. kerület,90,1-4,413
Budapest 07. kerület,41,10-19,10
Budapest 07. kerület,55,10-19,8
Budapest 07. kerület,41,20-49,5
Budapest 07. kerület,55,20-49,8
Budapest 07. kerület,78,20-49,5
Budapest 07. kerület,41,5-9,24
Budapest 07. kerület,55,5-9,11
Budapest 07. kerület,66,5-9,5
Budapest 08. kerület,16,1-4,12
Budapest 08. kerület,23,1-4,6
Budapest 08. kerület,41,1-4,207
Budapest 08. kerület,55,1-4,59
Budapest 08. kerület,66,1-4,132
Budapest 08. kerület,78,1-4,5
Budapest 08. kerület,80,1-4,21
Budapest 08. kerület,84,1-4,6
Budapest 08. kerület,90,1-4,438
Budapest 08. kerület,41,10-19,21
Budapest 08. kerület,55,10-19,5
Budapest 08. kerület,41,20-49,15
Budapest 08. kerület,84,250-1000,5
Budapest 08. kerület,41,5-9,32
Budapest 08. kerület,55,5-9,8
Budapest 08. kerület,84,50-249,5
Budapest 09. kerület,11,1-4,5
Budapest 09. kerület,23,1-4,5
Budapest 09. kerület,41,1-4,131
Budapest 09. kerület,55,1-4,29
Budapest 09. kerület,66,1-4,133
Budapest 09. kerület,78,1-4,15
Budapest 09. kerület,80,1-4,18
Budapest 09. kerület,90,1-4,286
Budapest 09. kerület,41,10-19,13
Budapest 09. kerület,66,10-19,6
Budapest 09. kerület,80,10-19,6
Budapest 09. kerület,41,20-49,10
Budapest 09. kerület,55,20-49,6
Budapest 09. kerület,80,20-49,8
Budapest 09. kerület,41,5-9,24
Budapest 09. kerület,66,5-9,10
Budapest 09. kerület,78,5-9,6
Budapest 09. kerület,41,50-249,5
Budapest 09. kerület,80,50-249,5
Budapest 09. kerület,90,50-249,6
Budapest 10. kerület,16,1-4,13
Budapest 10. kerület,23,1-4,27
Budapest 10. kerület,41,1-4,101
Budapest 10. kerület,55,1-4,17
Budapest 10. kerület,66,1-4,142
Budapest 10. kerület,78,1-4,7
Budapest 10. kerület,80,1-4,25
Budapest 10. kerület,90,1-4,178
Budapest 10. kerület,41,10-19,11
Budapest 10. kerület,41,20-49,5
Budapest 10. kerület,84,250-1000,6
Budapest 10. kerület,41,5-9,15
Budapest 10. kerület,80,5-9,6
Budapest 10. kerület,90,5-9,5
Budapest 11. kerület,11,1-4,8
Budapest 11. kerület,16,1-4,8
Budapest 11. kerület,23,1-4,17
Budapest 11. kerület,41,1-4,278
Budapest 11. kerület,55,1-4,56
Budapest 11. kerület,66,1-4,317
Budapest 11. kerület,78,1-4,26
Budapest 11. kerület,80,1-4,39
Budapest 11. kerület,90,1-4,642
Budapest 11. kerület,41,10-19,25
Budapest 11. kerület,55,10-19,6
Budapest 11. kerület,78,10-19,5
Budapest 11. kerület,80,10-19,7
Budapest 11. kerület,41,20-49,12
Budapest 11. kerület,78,20-49,6
Budapest 11. kerület,80,20-49,5
Budapest 11. kerület,41,5-9,59
Budapest 11. kerület,55,5-9,6
Budapest 11. kerület,66,5-9,7
Budapest 11. kerület,78,5-9,6
Budapest 11. kerület,90,5-9,10
Budapest 11. kerület,41,50-249,5
Budapest 11. kerület,78,50-249,6
Budapest 11. kerület,80,50-249,11
Budapest 12. kerület,11,1-4,5
Budapest 12. kerület,16,1-4,5
Budapest 12. kerület,23,1-4,6
Budapest 12. kerület,41,1-4,87
Budapest 12. kerület,55,1-4,43
Budapest 12. kerület,66,1-4,101
Budapest 12. kerület,78,1-4,13
Budapest 12. kerület,80,1-4,7
Budapest 12. kerület,90,1-4,411
Budapest 12. kerület,41,10-19,8
Budapest 12. kerület,66,10-19,8
Budapest 12. kerület,41,5-9,14
Budapest 12. kerület,66,5-9,6
Budapest 12. kerület,90,5-9,5
Budapest 13. kerület,11,1-4,5
Budapest 13. kerület,16,1-4,16
Budapest 13. kerület,23,1-4,11
Budapest 13. kerület,41,1-4,261
Budapest 13. kerület,55,1-4,64
Budapest 13. kerület,66,1-4,362
Budapest 13. kerület,78,1-4,29
Budapest 13. kerület,80,1-4,52
Budapest 13. kerület,90,1-4,570
Budapest 13. kerület,41,10-19,31
Budapest 13. kerület,55,10-19,5
Budapest 13. kerület,66,10-19,15
Budapest 13. kerület,80,10-19,10
Budapest 13. kerület,41,20-49,16
Budapest 13. kerület,66,20-49,5
Budapest 13. kerület,80,20-49,5
Budapest 13. kerület,78,250-1000,5
Budapest 13. kerület,84,250-1000,11
Budapest 13. kerület,41,5-9,54
Budapest 13. kerület,55,5-9,6
Budapest 13. kerület,66,5-9,6
Budapest 13. kerület,78,5-9,6
Budapest 13. kerület,80,5-9,5
Budapest 13. kerület,90,5-9,6
Budapest 13. kerület,66,50-249,8
Budapest 13. kerület,78,50-249,9
Budapest 13. kerület,80,50-249,6
Budapest 14. kerület,11,1-4,7
Budapest 14. kerület,16,1-4,8
Budapest 14. kerület,23,1-4,16
Budapest 14. kerület,41,1-4,237
Budapest 14. kerület,55,1-4,42
Budapest 14. kerület,66,1-4,364
Budapest 14. kerület,78,1-4,19
Budapest 14. kerület,80,1-4,36
Budapest 14. kerület,90,1-4,618
Budapest 14. kerület,41,10-19,15
Budapest 14. kerület,55,10-19,6
Budapest 14. kerület,80,10-19,13
Budapest 14. kerület,90,10-19,6
Budapest 14. kerület,41,20-49,9
Budapest 14. kerület,55,20-49,6
Budapest 14. kerület,80,20-49,6
Budapest 14. kerület,84,250-1000,7
Budapest 14. kerület,41,5-9,43
Budapest 14. kerület,55,5-9,9
Budapest 14. kerület,66,5-9,7
Budapest 14. kerület,80,5-9,6
Budapest 14. kerület,90,5-9,8
Budapest 14. kerület,80,50-249,8
Budapest 15. kerület,11,1-4,6
Budapest 15. kerület,16,1-4,17
Budapest 15. kerület,23,1-4,12
Budapest 15. kerület,41,1-4,189
Budapest 15. kerület,55,1-4,17
Budapest 15. kerület,66,1-4,207
Budapest 15. kerület,80,1-4,35
Budapest 15. kerület,90,1-4,187
Budapest 15. kerület,41,10-19,25
Budapest 15. kerület,80,10-19,8
Budapest 15. kerület,41,20-49,11
Budapest 15. kerület,41,5-9,43
Budapest 15. kerület,80,5-9,8
Budapest 15. kerület,41,50-249,6
Budapest 16. kerület,16,1-4,18
Budapest 16. kerület,23,1-4,12
Budapest 16. kerület,41,1-4,192
Budapest 16. kerület,55,1-4,16
Budapest 16. kerület,66,1-4,175
Budapest 16. kerület,78,1-4,14
Budapest 16. kerület,80,1-4,21
Budapest 16. kerület,90,1-4,226
Budapest 16. kerület,41,10-19,16
Budapest 16. kerület,41,20-49,6
Budapest 16. kerület,41,5-9,34
Budapest 16. kerület,80,5-9,6
Budapest 17. kerület,16,1-4,15
Budapest 17. kerület,23,1-4,8
Budapest 17. kerület,41,1-4,143
Budapest 17. kerület,55,1-4,18
Budapest 17. kerület,66,1-4,204
Budapest 17. kerület,78,1-4,5
Budapest 17. kerület,80,1-4,33
Budapest 17. kerület,90,1-4,206
Budapest 17. kerület,41,10-19,6
Budapest 17. kerület,41,20-49,5
Budapest 17. kerület,41,5-9,27
Budapest 17. kerület,90,5-9,5
Budapest 18. kerület,11,1-4,5
Budapest 18. kerület,16,1-4,23
Budapest 18. kerület,23,1-4,18
Budapest 18. kerület,41,1-4,167
Budapest 18. kerület,55,1-4,16
Budapest 18. kerület,66,1-4,229
Budapest 18. kerület,80,1-4,38
Budapest 18. kerület,90,1-4,193
Budapest 18. kerület,41,10-19,12
Budapest 18. kerület,41,20-49,7
Budapest 18. kerület,41,5-9,27
Budapest 19. kerület,23,1-4,14
Budapest 19. kerület,41,1-4,85
Budapest 19. kerület,55,1-4,15
Budapest 19. kerület,66,1-4,137
Budapest 19. kerület,78,1-4,5
Budapest 19. kerület,80,1-4,32
Budapest 19. kerület,90,1-4,203
Budapest 19. kerület,41,10-19,6
Budapest 19. kerület,41,5-9,16
Budapest 19. kerület,80,5-9,7
Budapest 20. kerület,11,1-4,5
Budapest 20. kerület,16,1-4,11
Budapest 20. kerület,23,1-4,11
Budapest 20. kerület,41,1-4,87
Budapest 20. kerület,55,1-4,11
Budapest 20. kerület,66,1-4,154
Budapest 20. kerület,80,1-4,21
Budapest 20. kerület,90,1-4,141
Budapest 20. kerület,41,10-19,14
Budapest 20. kerület,41,5-9,17
Budapest 21. kerület,16,1-4,10
Budapest 21. kerület,23,1-4,8
Budapest 21. kerület,41,1-4,88
Budapest 21. kerület,55,1-4,8
Budapest 21. kerület,66,1-4,160
Budapest 21. kerület,78,1-4,6
Budapest 21. kerület,80,1-4,17
Budapest 21. kerület,90,1-4,156
Budapest 21. kerület,41,10-19,7
Budapest 21. kerület,41,20-49,7
Budapest 21. kerület,41,5-9,19
Budapest 21. kerület,90,5-9,6
Budapest 22. kerület,16,1-4,9
Budapest 22. kerület,23,1-4,14
Budapest 22. kerület,41,1-4,145
Budapest 22. kerület,55,1-4,26
Budapest 22. kerület,66,1-4,148
Budapest 22. kerület,80,1-4,18
Budapest 22. kerület,90,1-4,197
Budapest 22. kerület,41,10-19,9
Budapest 22. kerület,41,5-9,27
Budapest 22. kerület,80,5-9,5
Budapest 22. kerület,80,50-249,7
Budapest 23. kerület,41,1-4,42
Budapest 23. kerület,55,1-4,9
Budapest 23. kerület,66,1-4,58
Budapest 23. kerület,90,1-4,67
Budapest 23. kerület,41,5-9,7
Budaörs,23,1-4,6
Budaörs,41,1-4,57
Budaörs,55,1-4,8
Budaörs,66,1-4,90
Budaörs,78,1-4,6
Budaörs,80,1-4,8
Budaörs,90,1-4,99
Budaörs,41,10-19,9
Budaörs,41,5-9,11
Budaörs,80,5-9,5
Bugac,41,1-4,6
Bugyi,41,1-4,9
Bugyi,66,1-4,9
Bugyi,90,1-4,8
Buják,41,1-4,12
Bábolna,66,1-4,5
Bácsalmás,41,1-4,18
Bácsalmás,66,1-4,19
Bárdudvarnok,90,1-4,5
Bárna,66,1-4,8
Bátaszék,11,1-4,5
Bátaszék,41,1-4,7
Bátaszék,66,1-4,10
Bátonyterenye,41,1-4,7
Bátonyterenye,66,1-4,30
Bátonyterenye,80,1-4,10
Bátorliget,41,1-4,5
Békés,16,1-4,10
Békés,41,1-4,37
Békés,66,1-4,37
Békés,90,1-4,26
Békéscsaba,16,1-4,8
Békéscsaba,41,1-4,62
Békéscsaba,55,1-4,17
Békéscsaba,66,1-4,209
Békéscsaba,80,1-4,15
Békéscsaba,90,1-4,121
Békéscsaba,23,20-49,12
Békéscsaba,41,5-9,9
Békéscsaba,23,50-249,6
Békésszentandrás,41,1-4,8
Békésszentandrás,55,1-4,6
Békésszentandrás,66,1-4,5
Békésszentandrás,90,1-4,6
Békésszentandrás,23,20-49,9
Békésszentandrás,23,50-249,6
Bélapátfalva,16,1-4,6
Bélapátfalva,55,1-4,5
Bélapátfalva,16,5-9,6
Bócsa,41,1-4,5
Bóly,41,1-4,9
Bóly,66,1-4,8
Bóly,90,1-4,10
Bõcs,66,1-4,6
Böhönye,16,5-9,18
Böhönye,16,50-249,14
Bükkaranyos,66,1-4,9
Bükkszék,55,1-4,5
Bükkábrány,23,1-4,8
Bükkösd,41,1-4,8
Cece,41,1-4,5
Cegléd,11,1-4,7
Cegléd,16,1-4,8
Cegléd,23,1-4,5
Cegléd,41,1-4,38
Cegléd,55,1-4,8
Cegléd,66,1-4,84
Cegléd,80,1-4,16
Cegléd,90,1-4,44
Cegléd,41,5-9,10
Ceglédbercel,90,1-4,6
Cered,66,1-4,5
Cigánd,41,1-4,5
Csabdi,41,1-4,7
Csabdi,90,1-4,6
Csabrendek,41,1-4,5
Csabrendek,66,1-4,8
Csanytelek,23,1-4,15
Csanytelek,66,1-4,5
Csataszög,23,1-4,14
Csehbánya,41,1-4,11
Csehbánya,66,1-4,5
Csehbánya,41,5-9,5
Csemõ,41,1-4,5
Csemõ,66,1-4,9
Csenger,66,1-4,6
Csengõd,11,1-4,5
Cserkeszõlõ,55,1-4,8
Cserkeszõlõ,66,1-4,7
Cserkút,16,1-4,10
Cserépváralja,41,1-4,5
Csobánka,41,1-4,7
Csobánka,66,1-4,7
Csobánka,90,1-4,24
Csokonyavisonta,55,1-4,5
Csolnok,41,1-4,5
Csolnok,66,1-4,5
Csomád,41,1-4,56
Csomád,66,1-4,25
Csomád,78,1-4,13
Csomád,80,1-4,8
Csomád,90,1-4,11
Csomád,41,10-19,8
Csomád,78,20-49,5
Csomád,78,250-1000,5
Csomád,41,5-9,35
Csomád,78,50-249,14
Csomád,80,50-249,10
Csongrád,16,1-4,7
Csongrád,41,1-4,22
Csongrád,55,1-4,15
Csongrád,66,1-4,31
Csongrád,80,1-4,11
Csongrád,90,1-4,24
Csongrád,23,20-49,26
Csopak,41,1-4,5
Csopak,55,1-4,9
Csopak,66,1-4,11
Csorvás,41,1-4,5
Csurgó,66,1-4,9
Csurgó,16,10-19,10
Csurgó,16,50-249,5
Csákvár,41,1-4,11
Csákvár,66,1-4,11
Csány,41,1-4,5
Császártöltés,11,1-4,5
Császártöltés,66,1-4,5
Csévharaszt,90,1-4,6
Csókakõ,41,1-4,5
Csókakõ,66,1-4,6
Csõvár,66,1-4,7
Csömör,41,1-4,20
Csömör,66,1-4,36
Csömör,90,1-4,24
Dabas,16,1-4,6
Dabas,41,1-4,59
Dabas,66,1-4,42
Dabas,80,1-4,5
Dabas,90,1-4,18
Dabas,41,5-9,8
Dad,41,1-4,5
Debrecen,11,1-4,13
Debrecen,16,1-4,26
Debrecen,41,1-4,265
Debrecen,55,1-4,62
Debrecen,66,1-4,671
Debrecen,78,1-4,7
Debrecen,80,1-4,264
Debrecen,90,1-4,323
Debrecen,41,10-19,25
Debrecen,41,20-49,13
Debrecen,55,20-49,6
Debrecen,23,250-1000,11
Debrecen,16,5-9,5
Debrecen,41,5-9,48
Debrecen,55,5-9,7
Debrecen,66,5-9,5
Debrecen,80,5-9,8
Debrecen,41,50-249,5
Decs,66,1-4,6
Demjén,55,1-4,8
Derecske,41,1-4,16
Derecske,66,1-4,10
Derecske,80,1-4,8
Derecske,90,1-4,9
Deszk,41,1-4,8
Deszk,66,1-4,15
Deszk,90,1-4,7
Devecser,23,1-4,8
Devecser,66,1-4,5
Devecser,90,1-4,7
Devecser,23,20-49,25
Diósd,41,1-4,34
Diósd,66,1-4,26
Diósd,90,1-4,36
Diósjenõ,41,1-4,6
Diósjenõ,66,1-4,5
Diósjenõ,90,1-4,6
Doboz,41,1-4,6
Doboz,66,1-4,5
Domaszék,41,1-4,13
Domaszék,66,1-4,9
Domaszék,90,1-4,6
Dombrád,41,1-4,7
Dombrád,66,1-4,6
Dombóvár,41,1-4,11
Dombóvár,55,1-4,8
Dombóvár,66,1-4,57
Dombóvár,80,1-4,9
Dombóvár,90,1-4,21
Domony,41,1-4,7
Domony,66,1-4,5
Domoszló,66,1-4,7
Dorog,41,1-4,19
Dorog,66,1-4,30
Dorog,90,1-4,9
Dorogháza,41,1-4,6
Drávaiványi,16,1-4,8
Drávaszerdahely,16,1-4,6
Dudar,41,1-4,5
Dunaalmás,66,1-4,6
Dunabogdány,16,1-4,7
Dunabogdány,41,1-4,6
Dunabogdány,66,1-4,8
Dunabogdány,90,1-4,13
Dunaföldvár,41,1-4,13
Dunaföldvár,55,1-4,5
Dunaföldvár,66,1-4,18
Dunaföldvár,90,1-4,10
Dunaharaszti,16,1-4,8
Dunaharaszti,41,1-4,63
Dunaharaszti,66,1-4,43
Dunaharaszti,80,1-4,8
Dunaharaszti,90,1-4,44
Dunaharaszti,41,5-9,9
Dunakeszi,16,1-4,10
Dunakeszi,23,1-4,6
Dunakeszi,41,1-4,52
Dunakeszi,55,1-4,13
Dunakeszi,66,1-4,121
Dunakeszi,78,1-4,8
Dunakeszi,80,1-4,9
Dunakeszi,90,1-4,119
Dunakeszi,41,5-9,17
Dunapataj,66,1-4,7
Dunapataj,90,1-4,6
Dunaszekcsõ,66,1-4,6
Dunaszentmiklós,55,1-4,11
Dunavarsány,41,1-4,24
Dunavarsány,66,1-4,20
Dunavarsány,90,1-4,18
Dunaújváros,16,1-4,5
Dunaújváros,41,1-4,42
Dunaújváros,66,1-4,103
Dunaújváros,80,1-4,10
Dunaújváros,90,1-4,58
Dunaújváros,41,10-19,6
Dusnok,41,1-4,9
Dány,41,1-4,6
Dány,66,1-4,6
Dány,90,1-4,6
Dávod,66,1-4,5
Délegyháza,41,1-4,11
Délegyháza,66,1-4,11
Délegyháza,90,1-4,11
Dévaványa,41,1-4,7
Dévaványa,66,1-4,10
Dömsöd,41,1-4,14
Dömsöd,66,1-4,11
Dömös,55,1-4,5
Ebes,41,1-4,8
Ebes,66,1-4,12
Ebes,80,1-4,9
Ebes,90,1-4,6
Ecser,41,1-4,6
Ecser,66,1-4,8
Ecser,90,1-4,10
Ecséd,66,1-4,9
Edelény,41,1-4,7
Edelény,66,1-4,19
Eger,11,1-4,33
Eger,41,1-4,74
Eger,55,1-4,84
Eger,66,1-4,137
Eger,80,1-4,18
Eger,90,1-4,118
Eger,11,10-19,5
Eger,41,10-19,5
Eger,55,10-19,7
Eger,11,5-9,8
Eger,41,5-9,13
Eger,55,5-9,7
Egerszalók,16,1-4,14
Egerszalók,41,1-4,5
Egerszalók,55,1-4,17
Egerszalók,66,1-4,8
Egerszalók,90,1-4,9
Egerszalók,16,50-249,17
Egyek,80,1-4,7
Egyházasdengeleg,41,1-4,12
Elek,41,1-4,8
Elek,66,1-4,6
Elõszállás,66,1-4,5
Emõd,41,1-4,7
Emõd,66,1-4,5
Encs,66,1-4,16
Encs,41,5-9,6
Encsencs,41,1-4,6
Enying,41,1-4,17
Enying,66,1-4,11
Enying,80,1-4,9
Enying,41,5-9,6
Ercsi,41,1-4,16
Ercsi,66,1-4,9
Erdõbénye,11,1-4,5
Erdõbénye,16,1-4,20
Erdõbénye,16,20-49,11
Erdõkertes,41,1-4,32
Erdõkertes,66,1-4,23
Erdõkertes,90,1-4,24
Erdõkertes,41,5-9,5
Erdõtelek,41,1-4,21
Esztergom,16,1-4,11
Esztergom,41,1-4,48
Esztergom,55,1-4,14
Esztergom,66,1-4,109
Esztergom,80,1-4,6
Esztergom,90,1-4,43
Esztergom,41,5-9,7
Etyek,11,1-4,11
Etyek,41,1-4,9
Etyek,66,1-4,11
Etyek,90,1-4,9
Fadd,41,1-4,6
Fadd,66,1-4,6
Fadd,90,1-4,5
Fajsz,66,1-4,6
Fegyvernek,41,1-4,12
Fegyvernek,66,1-4,9
Fegyvernek,80,1-4,6
Fehérgyarmat,16,1-4,5
Fehérgyarmat,41,1-4,6
Fehérgyarmat,55,1-4,5
Fehérgyarmat,66,1-4,23
Fehérgyarmat,80,1-4,5
Fehérgyarmat,90,1-4,7
Fehérvárcsurgó,41,1-4,7
Fehérvárcsurgó,66,1-4,5
Felcsút,41,1-4,6
Felcsút,66,1-4,5
Feldebrõ,23,1-4,7
Felsõpakony,41,1-4,5
Felsõpakony,66,1-4,11
Felsõpetény,23,1-4,5
Felsõtárkány,66,1-4,12
Felsõtárkány,90,1-4,6
Felsõzsolca,16,1-4,19
Felsõzsolca,41,1-4,9
Felsõzsolca,66,1-4,24
Felsõzsolca,90,1-4,8
Felsõzsolca,16,10-19,11
Felsõörs,41,1-4,5
Felsõörs,90,1-4,11
Fony,16,1-4,6
Fonyód,41,1-4,10
Fonyód,55,1-4,23
Fonyód,66,1-4,16
Fonyód,90,1-4,7
Fonó,16,1-4,7
Fábiánháza,41,1-4,5
Fábiánsebestyén,66,1-4,5
Fényeslitke,66,1-4,5
Fót,41,1-4,51
Fót,55,1-4,8
Fót,66,1-4,49
Fót,90,1-4,54
Fót,41,5-9,6
Földes,41,1-4,7
Földes,66,1-4,5
Földeák,66,1-4,7
Füzesabony,41,1-4,11
Füzesabony,66,1-4,13
Füzesabony,90,1-4,7
Füzesgyarmat,16,1-4,5
Füzesgyarmat,66,1-4,9
Galgahévíz,41,1-4,5
Galgahévíz,90,1-4,10
Galgamácsa,66,1-4,5
Geresdlak,16,1-4,25
Geresdlak,23,1-4,7
Geresdlak,16,10-19,7
Geszt,23,1-4,5
Gesztely,23,1-4,58
Gesztely,66,1-4,10
Gomba,66,1-4,8
Gomba,90,1-4,5
Gyermely,90,1-4,9
Gyomaendrõd,16,1-4,9
Gyomaendrõd,41,1-4,15
Gyomaendrõd,55,1-4,12
Gyomaendrõd,66,1-4,13
Gyomaendrõd,90,1-4,14
Gyomaendrõd,23,50-249,10
Gyula,16,1-4,10
Gyula,41,1-4,43
Gyula,55,1-4,34
Gyula,66,1-4,86
Gyula,80,1-4,5
Gyula,90,1-4,52
Gyula,55,20-49,5
Gyula,41,5-9,6
Gyulaháza,41,1-4,5
Gyál,23,1-4,6
Gyál,41,1-4,40
Gyál,66,1-4,54
Gyál,90,1-4,40
Gyál,41,10-19,7
Gyál,41,5-9,9
Gyõr,11,1-4,14
Gyömrõ,16,1-4,6
Gyömrõ,41,1-4,30
Gyömrõ,66,1-4,47
Gyömrõ,80,1-4,7
Gyömrõ,90,1-4,32
Gyömrõ,41,5-9,11
Gyöngyös,11,1-4,14
Gyöngyös,41,1-4,37
Gyöngyös,55,1-4,10
Gyöngyös,66,1-4,100
Gyöngyös,80,1-4,14
Gyöngyös,90,1-4,27
Gyöngyös,41,5-9,6
Gyöngyöshalász,41,1-4,6
Gyöngyöspata,11,1-4,8
Gyöngyöspata,41,1-4,5
Gyöngyössolymos,90,1-4,5
Gyöngyöstarján,11,1-4,10
Gyöngyöstarján,66,1-4,13
Györgytarló,16,1-4,19
Györköny,11,1-4,5
Gyúró,90,1-4,6
Gyüre,41,1-4,6
Gádoros,41,1-4,7
Gárdony,41,1-4,17
Gárdony,55,1-4,10
Gárdony,66,1-4,30
Gárdony,90,1-4,39
Gávavencsellõ,41,1-4,7
Göd,23,1-4,5
Göd,41,1-4,38
Göd,55,1-4,5
Göd,66,1-4,48
Göd,90,1-4,92
Göd,41,5-9,6
Gödöllõ,16,1-4,9
Gödöllõ,23,1-4,8
Gödöllõ,41,1-4,69
Gödöllõ,55,1-4,11
Gödöllõ,66,1-4,94
Gödöllõ,80,1-4,10
Gödöllõ,90,1-4,106
Gödöllõ,41,20-49,5
Gödöllõ,41,5-9,6
Hajdúböszörmény,16,1-4,19
Hajdúböszörmény,41,1-4,79
Hajdúböszörmény,66,1-4,64
Hajdúböszörmény,80,1-4,16
Hajdúböszörmény,90,1-4,24
Hajdúböszörmény,41,10-19,7
Hajdúböszörmény,41,5-9,11
Hajdúdorog,41,1-4,5
Hajdúdorog,66,1-4,10
Hajdúdorog,90,1-4,9
Hajdúhadház,41,1-4,16
Hajdúhadház,66,1-4,10
Hajdúhadház,80,1-4,13
Hajdúhadház,90,1-4,6
Hajdúnánás,16,1-4,6
Hajdúnánás,41,1-4,27
Hajdúnánás,55,1-4,7
Hajdúnánás,66,1-4,39
Hajdúnánás,90,1-4,13
Hajdúnánás,41,5-9,8
Hajdúszoboszló,16,1-4,6
Hajdúszoboszló,23,1-4,5
Hajdúszoboszló,41,1-4,36
Hajdúszoboszló,55,1-4,125
Hajdúszoboszló,66,1-4,72
Hajdúszoboszló,80,1-4,9
Hajdúszoboszló,90,1-4,27
Hajdúszoboszló,41,5-9,8
Hajdúszoboszló,55,5-9,5
Hajdúszoboszló,55,50-249,5
Hajdúsámson,41,1-4,29
Hajdúsámson,66,1-4,28
Hajdúsámson,80,1-4,19
Hajdúsámson,90,1-4,5
Hajmáskér,66,1-4,5
Hajós,11,1-4,8
Hajós,16,1-4,5
Hajós,23,10-19,5
Halásztelek,41,1-4,23
Halásztelek,55,1-4,6
Halásztelek,66,1-4,30
Halásztelek,90,1-4,18
Harkány,41,1-4,6
Harkány,55,1-4,16
Harkány,66,1-4,14
Harkány,80,1-4,6
Harkány,90,1-4,6
Harsány,66,1-4,11
Hatvan,41,1-4,19
Hatvan,66,1-4,55
Hatvan,90,1-4,14
Helvécia,66,1-4,16
Herceghalom,41,1-4,5
Herceghalom,66,1-4,6
Herceghalom,90,1-4,8
Herend,90,1-4,8
Hernád,41,1-4,5
Hernád,66,1-4,8
Hernádkak,41,1-4,7
Hernádkak,66,1-4,5
Hernádkércs,16,10-19,6
Hernádnémeti,16,1-4,11
Hernádnémeti,66,1-4,7
Hernádnémeti,16,5-9,7
Heréd,41,1-4,6
Heves,41,1-4,15
Heves,66,1-4,20
Heves,90,1-4,6
Himesháza,41,1-4,8
Hodász,41,1-4,17
Hodász,66,1-4,5
Homokmégy,23,1-4,8
Homrogd,16,1-4,5
Homrogd,23,1-4,9
Hort,41,1-4,7
Hort,66,1-4,9
Hosszúhetény,41,1-4,8
Hosszúhetény,66,1-4,9
Hosszúhetény,90,1-4,7
Hosszúpályi,41,1-4,9
Héhalom,23,1-4,30
Héreg,66,1-4,8
Hévízgyörk,41,1-4,7
Hévízgyörk,90,1-4,8
Hódmezõvásárhely,16,1-4,7
Hódmezõvásárhely,41,1-4,59
Hódmezõvásárhely,55,1-4,7
Hódmezõvásárhely,66,1-4,95
Hódmezõvásárhely,80,1-4,9
Hódmezõvásárhely,90,1-4,40
Hódmezõvásárhely,41,10-19,10
Hódmezõvásárhely,41,5-9,17
Hõgyész,41,1-4,8
Ibrány,41,1-4,10
Ibrány,66,1-4,10
Igal,41,1-4,8
Iklad,41,1-4,5
Imrehegy,23,5-9,7
Inárcs,41,1-4,16
Inárcs,66,1-4,6
Inárcs,90,1-4,10
Iregszemcse,41,1-4,8
Iregszemcse,66,1-4,6
Isaszeg,41,1-4,19
Isaszeg,66,1-4,13
Isaszeg,80,1-4,5
Isaszeg,90,1-4,18
Iszkaszentgyörgy,66,1-4,7
Izsák,41,1-4,5
Izsófalva,16,1-4,8
Jakabszállás,23,10-19,16
Jakabszállás,23,5-9,38
Jobbágyi,66,1-4,6
Juta,66,1-4,7
Jánkmajtis,41,1-4,7
Jánoshalma,41,1-4,13
Jánoshalma,66,1-4,14
Jánoshalma,90,1-4,11
Jánoshida,41,1-4,5
Járdánháza,41,1-4,7
Jászalsószentgyörgy,41,1-4,5
Jászalsószentgyörgy,66,1-4,9
Jászapáti,41,1-4,10
Jászapáti,66,1-4,7
Jászapáti,90,1-4,7
Jászberény,11,1-4,5
Jászberény,16,1-4,8
Jászberény,41,1-4,39
Jászberény,55,1-4,8
Jászberény,66,1-4,90
Jászberény,80,1-4,6
Jászberény,90,1-4,47
Jászberény,41,10-19,5
Jászberény,41,5-9,6
Jászfelsõszentgyörgy,41,1-4,7
Jászfelsõszentgyörgy,66,1-4,7
Jászfényszaru,23,1-4,11
Jászfényszaru,41,1-4,12
Jászfényszaru,66,1-4,5
Jászfényszaru,90,1-4,5
Jászjákóhalma,66,1-4,6
Jászkarajenõ,41,1-4,6
Jászkisér,41,1-4,5
Jászladány,41,1-4,6
Jászszentlászló,41,1-4,6
Jásztelek,66,1-4,5
Jászárokszállás,23,1-4,16
Jászárokszállás,41,1-4,14
Jászárokszállás,66,1-4,9
Jászárokszállás,90,1-4,7
Jászárokszállás,41,5-9,5
Kaba,41,1-4,5
Kaba,66,1-4,9
Kakasd,66,1-4,5
Kakucs,41,1-4,9
Kakucs,66,1-4,9
Kalocsa,41,1-4,20
Kalocsa,66,1-4,39
Kalocsa,80,1-4,7
Kalocsa,90,1-4,26
Kalocsa,41,5-9,5
Kamut,66,1-4,5
Kaposfõ,16,1-4,13
Kaposmérõ,16,1-4,6
Kaposmérõ,41,1-4,5
Kaposmérõ,66,1-4,9
Kaposszekcsõ,23,1-4,13
Kaposszerdahely,23,1-4,11
Kaposszerdahely,90,1-4,6
Kaposszerdahely,23,10-19,7
Kaposvár,11,1-4,7
Kaposvár,41,1-4,77
Kaposvár,55,1-4,26
Kaposvár,66,1-4,247
Kaposvár,80,1-4,87
Kaposvár,90,1-4,94
Kaposvár,16,250-1000,18
Kaposvár,41,5-9,14
Kaposvár,16,50-249,24
Karancskeszi,41,1-4,8
Karancslapujtõ,41,1-4,5
Karancslapujtõ,66,1-4,5
Karcag,41,1-4,22
Karcag,66,1-4,46
Karcag,80,1-4,7
Karcag,90,1-4,18
Karcag,23,50-249,9
Kartal,41,1-4,20
Kartal,66,1-4,10
Kartal,90,1-4,7
Kartal,41,5-9,6
Kazincbarcika,41,1-4,15
Kazincbarcika,66,1-4,49
Kazincbarcika,90,1-4,33
Kecel,11,1-4,16
Kecel,41,1-4,12
Kecel,66,1-4,19
Kecel,90,1-4,6
Kecskemét,11,1-4,10
Kecskemét,16,1-4,23
Kecskemét,41,1-4,159
Kecskemét,55,1-4,30
Kecskemét,66,1-4,300
Kecskemét,80,1-4,33
Kecskemét,90,1-4,218
Kecskemét,41,10-19,13
Kecskemét,41,20-49,9
Kecskemét,41,5-9,25
Kecskemét,55,5-9,5
Kecskemét,66,5-9,6
Kecskéd,41,1-4,13
Kecskéd,41,5-9,5
Kelebia,66,1-4,6
Kemecse,41,1-4,8
Kemecse,66,1-4,8
Kenderes,80,1-4,5
Kengyel,23,1-4,5
Kengyel,66,1-4,7
Kerecsend,41,1-4,6
Kerekegyháza,66,1-4,10
Kereki,23,1-4,7
Kerepes,41,1-4,15
Kerepes,66,1-4,23
Kerepes,90,1-4,39
Kerta,23,50-249,10
Kesztölc,41,1-4,8
Keszü,66,1-4,12
Kincsesbánya,23,1-4,6
Kincsesbánya,23,10-19,5
Kisbér,41,1-4,9
Kisbér,66,1-4,10
Kisbér,90,1-4,5
Kisbér,23,10-19,10
Kisgyõr,66,1-4,5
Kisharsány,16,1-4,8
Kiskunfélegyháza,11,1-4,7
Kiskunfélegyháza,16,1-4,5
Kiskunfélegyháza,41,1-4,25
Kiskunfélegyháza,55,1-4,8
Kiskunfélegyháza,66,1-4,54
Kiskunfélegyháza,80,1-4,13
Kiskunfélegyháza,90,1-4,42
Kiskunfélegyháza,23,5-9,7
Kiskunhalas,11,1-4,7
Kiskunhalas,16,1-4,15
Kiskunhalas,41,1-4,45
Kiskunhalas,55,1-4,6
Kiskunhalas,66,1-4,81
Kiskunhalas,90,1-4,35
Kiskunhalas,41,5-9,7
Kiskunlacháza,41,1-4,17
Kiskunlacháza,66,1-4,17
Kiskunmajsa,41,1-4,16
Kiskunmajsa,55,1-4,12
Kiskunmajsa,66,1-4,28
Kiskunmajsa,90,1-4,11
Kiskõrös,11,1-4,47
Kiskõrös,16,1-4,6
Kiskõrös,41,1-4,18
Kiskõrös,66,1-4,30
Kiskõrös,90,1-4,12
Kiskõrös,41,10-19,5
Kisköre,41,1-4,7
Kisköre,23,10-19,13
Kisláng,23,20-49,7
Kismaros,41,1-4,6
Kismaros,90,1-4,11
Kisoroszi,90,1-4,10
Kistarcsa,41,1-4,24
Kistarcsa,66,1-4,23
Kistarcsa,80,1-4,6
Kistarcsa,90,1-4,28
Kistarcsa,41,5-9,7
Kistelek,16,1-4,6
Kistelek,41,1-4,15
Kistelek,66,1-4,15
Kistelek,90,1-4,5
Kistokaj,16,1-4,7
Kistokaj,41,1-4,10
Kistokaj,66,1-4,9
Kisvárda,41,1-4,17
Kisvárda,55,1-4,6
Kisvárda,66,1-4,62
Kisvárda,90,1-4,19
Kiszombor,41,1-4,5
Kisújszállás,41,1-4,5
Kisújszállás,66,1-4,21
Kisújszállás,90,1-4,15
Kisújszállás,23,50-249,6
Klárafalva,23,10-19,31
Kocsord,41,1-4,6
Kocsord,66,1-4,9
Kocsord,90,1-4,5
Komló,41,1-4,24
Komló,66,1-4,49
Komló,80,1-4,15
Komló,90,1-4,22
Komló,23,20-49,7
Komlóska,16,20-49,14
Komádi,66,1-4,6
Komárom,16,1-4,8
Komárom,41,1-4,21
Komárom,55,1-4,6
Komárom,66,1-4,44
Komárom,90,1-4,25
Kondoros,41,1-4,5
Kondoros,66,1-4,11
Kondoros,90,1-4,7
Konyár,41,1-4,6
Kosd,41,1-4,6
Kosd,66,1-4,11
Kozármisleny,41,1-4,28
Kozármisleny,66,1-4,23
Kozármisleny,90,1-4,12
Kulcs,41,1-4,13
Kulcs,66,1-4,8
Kulcs,90,1-4,8
Kunhegyes,16,1-4,5
Kunhegyes,41,1-4,22
Kunhegyes,66,1-4,11
Kunhegyes,41,5-9,8
Kunmadaras,41,1-4,5
Kunszentmiklós,41,1-4,6
Kunszentmiklós,66,1-4,5
Kunszentmiklós,90,1-4,12
Kunszentmiklós,41,5-9,6
Kunszentmárton,16,1-4,6
Kunszentmárton,55,1-4,5
Kunszentmárton,66,1-4,12
Kunszentmárton,90,1-4,10
Kunágota,66,1-4,6
Kálmánháza,66,1-4,6
Kápolnásnyék,23,1-4,8
Kápolnásnyék,41,1-4,10
Kápolnásnyék,66,1-4,16
Kápolnásnyék,90,1-4,15
Kápolnásnyék,23,5-9,6
Káptalantóti,41,1-4,5
Káptalantóti,55,1-4,6
Káptalantóti,90,1-4,6
Kékcse,41,1-4,5
Kéleshalom,23,1-4,10
Kétegyháza,66,1-4,8
Kéthely,23,1-4,15
Kéthely,66,1-4,6
Kéthely,16,10-19,14
Kéthely,16,5-9,23
Kéthely,23,5-9,6
Kóka,41,1-4,10
Kóka,66,1-4,8
Kóka,90,1-4,6
Kótaj,41,1-4,10
Kõröshegy,66,1-4,7
Kõszárhegy,66,1-4,5
Kõtelek,41,1-4,5
Kökény,41,1-4,5
Kölesd,41,1-4,5
Kölked,23,5-9,7
Kömlõ,41,1-4,6
Kömörõ,23,1-4,7
Kömörõ,23,10-19,6
Környe,41,1-4,10
Környe,66,1-4,12
Körösladány,23,1-4,46
Körösladány,23,20-49,6
Körösladány,23,5-9,8
Lajoskomárom,55,1-4,5
Lajosmizse,16,1-4,7
Lajosmizse,41,1-4,14
Lajosmizse,66,1-4,18
Lajosmizse,90,1-4,9
Lajosmizse,41,5-9,6
Lakitelek,41,1-4,6
Lakitelek,66,1-4,7
Lapáncsa,16,1-4,12
Lengyeltóti,90,1-4,7
Lepsény,66,1-4,6
Levelek,66,1-4,8
Leányfalu,41,1-4,7
Leányfalu,66,1-4,9
Leányfalu,90,1-4,37
Litér,41,1-4,7
Litér,66,1-4,7
Litér,90,1-4,5
Lovasberény,41,1-4,11
Ludányhalászi,23,5-9,12
Lábatlan,41,1-4,5
Lábatlan,55,1-4,5
Lábatlan,66,1-4,12
Lábod,16,10-19,7
Létavértes,41,1-4,8
Létavértes,66,1-4,11
Létavértes,80,1-4,5
Lõrinci,66,1-4,10
Madocsa,23,1-4,15
Maglód,16,1-4,8
Maglód,41,1-4,26
Maglód,66,1-4,25
Maglód,80,1-4,6
Maglód,90,1-4,23
Magyarszék,16,1-4,11
Maklár,66,1-4,6
Makó,41,1-4,30
Makó,55,1-4,17
Makó,66,1-4,53
Makó,80,1-4,5
Makó,90,1-4,23
Makó,23,10-19,6
Marcali,11,1-4,5
Marcali,41,1-4,15
Marcali,66,1-4,28
Marcali,80,1-4,11
Marcali,90,1-4,8
Markaz,66,1-4,6
Martfû,66,1-4,12
Martfû,90,1-4,7
Martonvásár,41,1-4,5
Martonvásár,66,1-4,10
Martonvásár,90,1-4,15
Maráza,16,1-4,38
Mecseknádasd,41,1-4,5
Mecseknádasd,90,1-4,6
Medgyesegyháza,23,50-249,12
Megyaszó,66,1-4,5
Mende,41,1-4,10
Mende,66,1-4,9
Mende,90,1-4,5
Mezõberény,41,1-4,7
Mezõberény,66,1-4,16
Mezõberény,90,1-4,12
Mezõcsát,41,1-4,7
Mezõfalva,41,1-4,9
Mezõhegyes,90,1-4,6
Mezõkovácsháza,66,1-4,21
Mezõkövesd,41,1-4,24
Mezõkövesd,55,1-4,8
Mezõkövesd,66,1-4,41
Mezõkövesd,90,1-4,15
Mezõkövesd,41,5-9,6
Mezõladány,41,1-4,5
Mezõnyárád,16,1-4,5
Mezõtúr,41,1-4,29
Mezõtúr,55,1-4,6
Mezõtúr,66,1-4,50
Mezõtúr,80,1-4,5
Mezõtúr,90,1-4,20
Mezõtúr,41,5-9,5
Mikebuda,41,1-4,5
Mikepércs,41,1-4,10
Mikepércs,66,1-4,17
Mikepércs,80,1-4,6
Mikepércs,90,1-4,7
Mindszent,41,1-4,10
Mindszent,66,1-4,14
Miskolc,11,1-4,20
Miskolc,41,1-4,140
Miskolc,55,1-4,51
Miskolc,66,1-4,479
Miskolc,78,1-4,7
Miskolc,80,1-4,36
Miskolc,90,1-4,212
Miskolc,41,10-19,13
Miskolc,55,10-19,12
Miskolc,55,20-49,7
Miskolc,41,5-9,21
Miskolc,55,5-9,14
Miskolc,66,5-9,5
Mogyoród,41,1-4,25
Mogyoród,66,1-4,18
Mogyoród,90,1-4,19
Mogyorósbánya,23,50-249,25
Moha,90,1-4,5
Mohács,41,1-4,30
Mohács,66,1-4,35
Mohács,90,1-4,29
Monor,16,1-4,6
Monor,41,1-4,40
Monor,66,1-4,38
Monor,80,1-4,5
Monor,90,1-4,27
Monor,41,5-9,11
Monorierdõ,41,1-4,9
Monorierdõ,66,1-4,7
Monostorpályi,41,1-4,6
Monostorpályi,66,1-4,6
Mád,11,1-4,9
Mályi,41,1-4,7
Mályi,66,1-4,14
Mándok,41,1-4,7
Mándok,66,1-4,6
Mány,90,1-4,7
Máriakéménd,66,1-4,6
Márkó,41,1-4,6
Márkó,66,1-4,5
Mátraderecske,55,1-4,5
Mátraszentimre,55,1-4,15
Mátészalka,41,1-4,18
Mátészalka,66,1-4,69
Mátészalka,90,1-4,16
Mátészalka,41,10-19,7
Méhkerék,41,1-4,5
Mélykút,41,1-4,6
Mélykút,66,1-4,8
Méra,41,1-4,6
Mór,11,1-4,8
Mór,41,1-4,18
Mór,66,1-4,31
Mór,90,1-4,16
Mórahalom,41,1-4,9
Mórahalom,55,1-4,13
Mórahalom,66,1-4,7
Mórahalom,23,20-49,40
Mórahalom,23,50-249,20
Múcsony,66,1-4,5
Nadap,66,1-4,6
Nagyatád,41,1-4,7
Nagyatád,55,1-4,7
Nagyatád,66,1-4,13
Nagyatád,80,1-4,5
Nagyatád,90,1-4,8
Nagybajom,66,1-4,10
Nagybajom,23,50-249,6
Nagyberki,66,1-4,8
Nagydorog,41,1-4,5
Nagyecsed,41,1-4,7
Nagyhalász,41,1-4,9
Nagyhalász,66,1-4,6
Nagyharsány,23,1-4,15
Nagyhegyes,41,1-4,5
Nagyhegyes,66,1-4,14
Nagyhegyes,80,1-4,5
Nagyigmánd,23,1-4,7
Nagyigmánd,41,1-4,6
Nagyiván,23,1-4,7
Nagykovácsi,41,1-4,19
Nagykovácsi,66,1-4,26
Nagykovácsi,90,1-4,48
Nagykozár,16,1-4,13
Nagykozár,66,1-4,8
Nagykozár,90,1-4,6
Nagykálló,41,1-4,19
Nagykálló,66,1-4,6
Nagykálló,90,1-4,8
Nagykáta,41,1-4,21
Nagykáta,66,1-4,42
Nagykáta,90,1-4,10
Nagykáta,41,5-9,5
Nagykõrös,11,1-4,5
Nagykõrös,16,1-4,8
Nagykõrös,23,1-4,5
Nagykõrös,41,1-4,44
Nagykõrös,66,1-4,51
Nagykõrös,80,1-4,7
Nagykõrös,90,1-4,29
Nagykõrös,41,5-9,8
Nagykökényes,66,1-4,5
Nagykökényes,90,1-4,7
Nagylóc,66,1-4,5
Nagymaros,41,1-4,6
Nagymaros,55,1-4,8
Nagymaros,66,1-4,11
Nagymaros,90,1-4,23
Nagymágocs,66,1-4,5
Nagymányok,66,1-4,5
Nagynyárád,23,1-4,7
Nagyoroszi,41,1-4,6
Nagyréde,11,1-4,6
Nagyréde,41,1-4,5
Nagyréde,66,1-4,6
Nagyszénás,41,1-4,7
Nagytarcsa,41,1-4,17
Nagytarcsa,66,1-4,17
Nagytarcsa,90,1-4,13
Nagytarcsa,41,5-9,5
Nagyvarsány,23,20-49,6
Nagyvenyim,41,1-4,7
Nagyvenyim,66,1-4,15
Nagyvenyim,90,1-4,5
Nagyvázsony,41,1-4,7
Nagyvázsony,55,1-4,6
Napkor,23,1-4,38
Napkor,80,1-4,7
Napkor,23,5-9,5
Naszály,66,1-4,6
Nemesgulács,23,1-4,7
Nemesgörzsöny,23,1-4,13
Nemesvámos,23,1-4,8
Nemesvámos,41,1-4,8
Nemesvámos,66,1-4,8
Nemesvámos,90,1-4,8
Nemesvámos,23,5-9,6
Neszmély,66,1-4,5
Noszvaj,55,1-4,9
Nyergesújfalu,41,1-4,12
Nyergesújfalu,66,1-4,20
Nyárlõrinc,66,1-4,6
Nyékládháza,41,1-4,6
Nyékládháza,66,1-4,10
Nyékládháza,90,1-4,9
Nyíracsád,66,1-4,5
Nyíradony,41,1-4,16
Nyíradony,66,1-4,10
Nyíradony,41,5-9,5
Nyírbogdány,90,1-4,5
Nyírbátor,41,1-4,13
Nyírbátor,55,1-4,6
Nyírbátor,66,1-4,35
Nyírbátor,90,1-4,7
Nyírbéltek,41,1-4,9
Nyírcsászári,23,1-4,9
Nyíregyháza,11,1-4,12
Nyíregyháza,16,1-4,16
Nyíregyháza,41,1-4,193
Nyíregyháza,55,1-4,37
Nyíregyháza,66,1-4,404
Nyíregyháza,78,1-4,6
Nyíregyháza,80,1-4,62
Nyíregyháza,90,1-4,171
Nyíregyháza,41,10-19,29
Nyíregyháza,80,10-19,8
Nyíregyháza,41,20-49,9
Nyíregyháza,41,5-9,47
Nyíregyháza,41,50-249,5
Nyírgyulaj,41,1-4,6
Nyírkáta,66,1-4,5
Nyírlugos,41,1-4,5
Nyírmada,41,1-4,6
Nyírmeggyes,23,50-249,22
Nyírmihálydi,23,1-4,5
Nyírpazony,41,1-4,8
Nyírpazony,66,1-4,13
Nyírtelek,41,1-4,8
Nyírtelek,66,1-4,16
Nyírtelek,90,1-4,7
Nyírtura,66,1-4,5
Nyírábrány,41,1-4,8
Nyírábrány,80,1-4,12
Nádasdladány,41,1-4,5
Nádudvar,23,1-4,10
Nádudvar,66,1-4,8
Nádudvar,80,1-4,5
Nádudvar,90,1-4,5
Nádudvar,23,5-9,6
Négyes,16,1-4,9
Németkér,41,1-4,5
Nógrádmarcal,23,1-4,11
Nõtincs,41,1-4,6
Onga,16,1-4,18
Onga,41,1-4,11
Onga,66,1-4,15
Onga,16,5-9,9
Ordacsehi,16,1-4,149
Orfû,55,1-4,13
Orgovány,23,20-49,17
Orosháza,16,1-4,5
Orosháza,41,1-4,15
Orosháza,55,1-4,11
Orosháza,66,1-4,64
Orosháza,80,1-4,6
Orosháza,90,1-4,33
Oroszlány,41,1-4,26
Oroszlány,66,1-4,31
Oroszlány,90,1-4,10
Oroszlány,41,5-9,5
Oroszlány,23,50-249,5
Ostoros,66,1-4,15
Paks,11,1-4,8
Paks,41,1-4,28
Paks,66,1-4,38
Paks,80,1-4,5
Paks,90,1-4,24
Paks,41,10-19,10
Paks,41,5-9,5
Paks,23,50-249,14
Palkonya,23,10-19,5
Pap,41,1-4,5
Pap,66,1-4,6
Parasznya,41,1-4,5
Parád,55,1-4,8
Pellérd,66,1-4,10
Pellérd,90,1-4,5
Perbál,16,1-4,5
Perbál,41,1-4,10
Perbál,90,1-4,10
Perbál,41,5-9,5
Perkáta,66,1-4,5
Pilis,41,1-4,26
Pilis,66,1-4,18
Pilis,90,1-4,11
Pilisborosjenõ,41,1-4,8
Pilisborosjenõ,66,1-4,11
Pilisborosjenõ,90,1-4,29
Piliscsaba,16,1-4,5
Piliscsaba,41,1-4,14
Piliscsaba,66,1-4,23
Piliscsaba,90,1-4,39
Piliscsév,41,1-4,7
Piliscsév,90,1-4,6
Pilisjászfalu,41,1-4,6
Pilisjászfalu,66,1-4,10
Pilisjászfalu,90,1-4,5
Pilismarót,41,1-4,6
Pilismarót,66,1-4,9
Pilisszentiván,41,1-4,9
Pilisszentiván,66,1-4,7
Pilisszentiván,90,1-4,11
Pilisszentkereszt,41,1-4,8
Pilisszentkereszt,66,1-4,12
Pilisszentkereszt,90,1-4,7
Pilisszentlászló,66,1-4,9
Pilisszentlászló,90,1-4,9
Pilisszántó,41,1-4,11
Pilisszántó,66,1-4,6
Pilisszántó,90,1-4,6
Pilisvörösvár,16,1-4,8
Pilisvörösvár,23,1-4,11
Pilisvörösvár,41,1-4,26
Pilisvörösvár,66,1-4,28
Pilisvörösvár,80,1-4,5
Pilisvörösvár,90,1-4,35
Pilisvörösvár,41,5-9,14
Pocsaj,23,1-4,6
Pogány,66,1-4,5
Pogány,90,1-4,5
Polgár,66,1-4,12
Polgárdi,41,1-4,9
Polgárdi,66,1-4,14
Pomáz,41,1-4,28
Pomáz,66,1-4,37
Pomáz,80,1-4,7
Pomáz,90,1-4,67
Pomáz,41,5-9,7
Poroszló,55,1-4,16
Prügy,41,1-4,6
Pusztaszabolcs,41,1-4,14
Pusztaszabolcs,66,1-4,7
Pusztavám,41,1-4,5
Pusztavám,66,1-4,11
Pusztavám,90,1-4,5
Putnok,16,1-4,73
Putnok,41,1-4,5
Putnok,66,1-4,5
Putnok,16,50-249,9
Pákozd,41,1-4,7
Pákozd,66,1-4,7
Pákozd,90,1-4,12
Pálháza,41,1-4,5
Pálháza,16,10-19,27
Pánd,41,1-4,7
Pápa,11,1-4,7
Pápa,16,1-4,8
Pápa,41,1-4,29
Pápa,55,1-4,15
Pápa,66,1-4,84
Pápa,80,1-4,28
Pápa,90,1-4,44
Pápa,41,5-9,5
Pápadereske,23,1-4,5
Pásztó,41,1-4,26
Pásztó,55,1-4,5
Pásztó,66,1-4,20
Pásztó,90,1-4,10
Pátka,41,1-4,5
Pátroha,66,1-4,5
Páty,41,1-4,21
Páty,66,1-4,25
Páty,90,1-4,34
Pázmánd,41,1-4,6
Pázmánd,55,1-4,5
Pázmánd,66,1-4,5
Pázmánd,90,1-4,7
Pécel,16,1-4,8
Pécel,41,1-4,42
Pécel,66,1-4,53
Pécel,80,1-4,8
Pécel,90,1-4,36
Pécs,11,1-4,16
Pécs,41,1-4,208
Pécs,55,1-4,55
Pécs,66,1-4,444
Pécs,78,1-4,7
Pécs,80,1-4,60
Pécs,90,1-4,322
Pécs,23,10-19,44
Pécs,41,10-19,23
Pécs,23,20-49,27
Pécs,41,20-49,9
Pécs,41,5-9,23
Pécs,55,5-9,12
Pécs,66,5-9,6
Pécsvárad,41,1-4,5
Péteri,41,1-4,13
Pétfürdõ,41,1-4,6
Pétfürdõ,66,1-4,8
Pétfürdõ,80,1-4,6
Pócsmegyer,41,1-4,9
Pócsmegyer,66,1-4,10
Pócsmegyer,90,1-4,16
Püspökhatvan,41,1-4,5
Püspökhatvan,90,1-4,8
Püspökladány,41,1-4,15
Püspökladány,66,1-4,28
Püspökladány,90,1-4,16
Püspökladány,41,5-9,5
Rakamaz,41,1-4,9
Rakamaz,23,10-19,49
Rakamaz,23,50-249,27
Remeteszõlõs,41,1-4,5
Remeteszõlõs,90,1-4,8
Romhány,66,1-4,6
Rudabánya,16,1-4,77
Rácalmás,41,1-4,16
Rácalmás,66,1-4,8
Rácalmás,90,1-4,12
Ráckeresztúr,41,1-4,5
Ráckeresztúr,66,1-4,5
Ráckeve,16,1-4,5
Ráckeve,41,1-4,29
Ráckeve,66,1-4,28
Ráckeve,90,1-4,20
Rád,41,1-4,11
Rákóczifalva,41,1-4,6
Rákóczifalva,66,1-4,14
Rákóczifalva,80,1-4,8
Rákóczifalva,90,1-4,7
Rátka,16,1-4,6
Rétság,41,1-4,6
Révfülöp,55,1-4,9
Révleányvár,23,1-4,5
Rózsaszentmárton,66,1-4,6
Röszke,41,1-4,11
Röszke,66,1-4,5
Sajóecseg,16,1-4,6
Sajókeresztúr,66,1-4,5
Sajólád,41,1-4,5
Sajószentpéter,41,1-4,6
Sajószentpéter,66,1-4,14
Sajószentpéter,90,1-4,6
Sajóvámos,23,1-4,19
Sajóvámos,66,1-4,5
Salgótarján,41,1-4,34
Salgótarján,55,1-4,7
Salgótarján,66,1-4,89
Salgótarján,80,1-4,19
Salgótarján,90,1-4,48
Salgótarján,41,5-9,5
Sarkad,41,1-4,12
Sarkad,66,1-4,8
Sarkad,90,1-4,10
Sarud,16,20-49,8
Sellye,16,1-4,96
Sellye,41,1-4,6
Sellye,16,10-19,19
Seregélyes,41,1-4,7
Seregélyes,66,1-4,7
Siklós,11,1-4,16
Siklós,41,1-4,6
Siklós,55,1-4,5
Siklós,66,1-4,21
Siklós,90,1-4,10
Siklós,23,20-49,5
Simontornya,66,1-4,5
Siófok,41,1-4,58
Siófok,55,1-4,118
Siófok,66,1-4,88
Siófok,80,1-4,7
Siófok,90,1-4,35
Siófok,41,10-19,6
Siófok,55,10-19,7
Siófok,41,5-9,10
Solt,41,1-4,7
Solt,66,1-4,12
Solt,90,1-4,7
Soltvadkert,11,1-4,23
Soltvadkert,16,1-4,5
Soltvadkert,41,1-4,15
Soltvadkert,66,1-4,15
Soltvadkert,23,10-19,9
Solymár,16,1-4,6
Solymár,41,1-4,18
Solymár,66,1-4,23
Solymár,90,1-4,64
Solymár,41,5-9,5
Somberek,16,1-4,14
Somogyaszaló,66,1-4,7
Somogybükkösd,16,1-4,19
Somogyvár,16,1-4,40
Somogyvár,16,20-49,24
Somoskõújfalu,66,1-4,5
Sopron,11,1-4,28
Sukoró,41,1-4,6
Sukoró,90,1-4,7
Szabadbattyán,41,1-4,11
Szabadbattyán,66,1-4,12
Szabadkígyós,66,1-4,7
Szabadszállás,16,1-4,5
Szabadszállás,41,1-4,12
Szabadszállás,66,1-4,9
Szabadszállás,90,1-4,8
Szada,41,1-4,11
Szada,66,1-4,24
Szada,90,1-4,21
Szajk,41,1-4,6
Szajol,23,1-4,13
Szajol,66,1-4,11
Szajol,80,1-4,6
Szalánta,66,1-4,5
Szamoskér,66,1-4,6
Szarvas,16,1-4,5
Szarvas,41,1-4,28
Szarvas,55,1-4,19
Szarvas,66,1-4,39
Szarvas,90,1-4,21
Szatymaz,41,1-4,7
Szatymaz,66,1-4,6
Szatymaz,90,1-4,6
Szederkény,41,1-4,10
Szeged,11,1-4,8
Szeged,16,1-4,33
Szeged,41,1-4,225
Szeged,55,1-4,60
Szeged,66,1-4,521
Szeged,78,1-4,7
Szeged,80,1-4,60
Szeged,90,1-4,370
Szeged,41,10-19,28
Szeged,80,10-19,5
Szeged,41,20-49,14
Szeged,41,5-9,36
Szeghalom,41,1-4,20
Szeghalom,66,1-4,17
Szeghalom,90,1-4,6
Szeghalom,41,5-9,6
Szegilong,23,10-19,5
Szekszárd,11,1-4,22
Szekszárd,41,1-4,50
Szekszárd,55,1-4,19
Szekszárd,66,1-4,139
Szekszárd,80,1-4,6
Szekszárd,90,1-4,42
Szekszárd,41,10-19,6
Szekszárd,11,5-9,6
Szekszárd,41,5-9,10
Szendehely,41,1-4,8
Szenna,90,1-4,7
Szentantalfa,11,1-4,5
Szentantalfa,23,1-4,11
Szentantalfa,41,1-4,7
Szentantalfa,23,5-9,8
Szentendre,16,1-4,14
Szentendre,23,1-4,12
Szentendre,41,1-4,43
Szentendre,55,1-4,20
Szentendre,66,1-4,73
Szentendre,80,1-4,7
Szentendre,90,1-4,140
Szentendre,41,10-19,7
Szentendre,41,20-49,6
Szentendre,41,5-9,13
Szentes,41,1-4,35
Szentes,55,1-4,6
Szentes,66,1-4,54
Szentes,80,1-4,7
Szentes,90,1-4,31
Szentes,41,5-9,5
Szentgál,66,1-4,5
Szentistván,66,1-4,6
Szentkirály,41,1-4,7
Szentkirályszabadja,41,1-4,8
Szentlõrinc,23,1-4,40
Szentlõrinc,41,1-4,13
Szentlõrinc,66,1-4,16
Szentlõrinc,23,10-19,12
Szerencs,11,1-4,7
Szerencs,23,1-4,7
Szerencs,41,1-4,16
Szerencs,66,1-4,33
Szerencs,90,1-4,8
Szerencs,16,50-249,16
Szigetcsép,41,1-4,5
Szigetcsép,66,1-4,7
Szigethalom,41,1-4,32
Szigethalom,66,1-4,53
Szigethalom,80,1-4,8
Szigethalom,90,1-4,27
Szigethalom,41,5-9,6
Szigetmonostor,66,1-4,6
Szigetmonostor,90,1-4,27
Szigetszentmiklós,16,1-4,6
Szigetszentmiklós,23,1-4,7
Szigetszentmiklós,41,1-4,79
Szigetszentmiklós,55,1-4,9
Szigetszentmiklós,66,1-4,153
Szigetszentmiklós,80,1-4,14
Szigetszentmiklós,90,1-4,75
Szigetszentmiklós,41,5-9,11
Szigetszentmárton,41,1-4,7
Szigetszentmárton,66,1-4,10
Szigetszentmárton,90,1-4,6
Szigetvár,41,1-4,9
Szigetvár,55,1-4,6
Szigetvár,66,1-4,15
Szigetvár,90,1-4,10
Szigetvár,16,10-19,22
Szigetvár,16,20-49,12
Szigetújfalu,66,1-4,9
Szihalom,66,1-4,5
Szikszó,41,1-4,6
Szikszó,66,1-4,12
Szikszó,90,1-4,5
Szikszó,16,50-249,15
Szikszó,23,50-249,5
Szilvásvárad,41,1-4,5
Szilvásvárad,55,1-4,18
Szilvásvárad,90,1-4,7
Szirmabesenyõ,66,1-4,17
Szirák,41,1-4,5
Szob,66,1-4,7
Szokolya,41,1-4,6
Szokolya,55,1-4,6
Szokolya,90,1-4,6
Szolnok,16,1-4,6
Szolnok,41,1-4,62
Szolnok,55,1-4,12
Szolnok,66,1-4,234
Szolnok,78,1-4,5
Szolnok,80,1-4,83
Szolnok,90,1-4,128
Szolnok,41,20-49,5
Szolnok,41,5-9,14
Szomolya,41,1-4,7
Szomód,66,1-4,10
Szuhafõ,16,1-4,8
Szuhafõ,23,1-4,10
Szuhakálló,66,1-4,6
Szurdokpüspöki,66,1-4,5
Szálka,55,1-4,6
Szálka,66,1-4,6
Szár,66,1-4,5
Szárliget,66,1-4,6
Százhalombatta,23,1-4,7
Százhalombatta,41,1-4,18
Százhalombatta,66,1-4,47
Százhalombatta,90,1-4,25
Százhalombatta,41,5-9,8
Szécsény,41,1-4,11
Szécsény,66,1-4,14
Szécsény,80,1-4,6
Székesfehérvár,11,1-4,8
Székesfehérvár,16,1-4,16
Székesfehérvár,41,1-4,168
Székesfehérvár,55,1-4,22
Székesfehérvár,66,1-4,296
Székesfehérvár,78,1-4,13
Székesfehérvár,80,1-4,33
Székesfehérvár,90,1-4,177
Székesfehérvár,41,10-19,10
Székesfehérvár,41,20-49,6
Székesfehérvár,78,20-49,5
Székesfehérvár,16,5-9,6
Székesfehérvár,41,5-9,26
Székkutas,66,1-4,5
Szõd,41,1-4,5
Szõd,90,1-4,7
Szõdliget,41,1-4,13
Szõdliget,66,1-4,16
Szõdliget,90,1-4,14
Szûcsi,66,1-4,5
Ságvár,41,1-4,6
Sándorfalva,41,1-4,23
Sándorfalva,66,1-4,21
Sándorfalva,90,1-4,13
Sárbogárd,41,1-4,12
Sárbogárd,66,1-4,21
Sárbogárd,80,1-4,7
Sárbogárd,90,1-4,6
Sárbogárd,41,5-9,5
Sárisáp,41,1-4,7
Sárkeresztes,66,1-4,5
Sárosd,23,1-4,37
Sárosd,41,1-4,7
Sárosd,66,1-4,6
Sárospatak,11,1-4,9
Sárospatak,41,1-4,11
Sárospatak,55,1-4,10
Sárospatak,66,1-4,22
Sárospatak,90,1-4,15
Sárrétudvari,41,1-4,5
Sárrétudvari,90,1-4,5
Sárszentmihály,41,1-4,7
Sárszentmihály,90,1-4,5
Sáránd,90,1-4,5
Sásd,41,1-4,6
Sásd,66,1-4,10
Sátoraljaújhely,23,1-4,7
Sátoraljaújhely,41,1-4,15
Sátoraljaújhely,55,1-4,20
Sátoraljaújhely,66,1-4,23
Sátoraljaújhely,80,1-4,7
Sátoraljaújhely,90,1-4,11
Sátoraljaújhely,23,5-9,5
Sóskút,41,1-4,12
Sóskút,66,1-4,7
Sóskút,90,1-4,13
Sükösd,41,1-4,5
Sükösd,66,1-4,7
Sülysáp,16,1-4,7
Sülysáp,41,1-4,14
Sülysáp,66,1-4,11
Sülysáp,90,1-4,12
Sümeg,41,1-4,11
Sümeg,66,1-4,12
Sümeg,90,1-4,11
Süttõ,41,1-4,6
Süttõ,66,1-4,6
Tab,41,1-4,8
Tab,66,1-4,6
Tabdi,11,1-4,6
Tahitótfalu,41,1-4,8
Tahitótfalu,66,1-4,18
Tahitótfalu,90,1-4,20
Taksony,41,1-4,19
Taksony,66,1-4,17
Taksony,90,1-4,5
Taksony,41,5-9,9
Tamási,11,1-4,5
Tamási,41,1-4,19
Tamási,55,1-4,5
Tamási,66,1-4,27
Tamási,90,1-4,9
Tapolca,11,1-4,6
Tapolca,41,1-4,30
Tapolca,55,1-4,8
Tapolca,66,1-4,41
Tapolca,80,1-4,15
Tapolca,90,1-4,25
Tar,66,1-4,5
Tarcal,11,1-4,8
Tarján,16,1-4,5
Tarján,66,1-4,5
Tarpa,66,1-4,5
Tass,41,1-4,7
Tass,66,1-4,7
Tass,23,10-19,7
Taszár,41,1-4,6
Tata,11,1-4,5
Tata,16,1-4,10
Tata,41,1-4,42
Tata,55,1-4,16
Tata,66,1-4,53
Tata,80,1-4,6
Tata,90,1-4,40
Tata,41,5-9,9
Tatabánya,16,1-4,9
Tatabánya,41,1-4,71
Tatabánya,55,1-4,10
Tatabánya,66,1-4,223
Tatabánya,78,1-4,10
Tatabánya,80,1-4,22
Tatabánya,90,1-4,64
Tatabánya,41,10-19,10
Tatabánya,41,5-9,9
Telki,41,1-4,12
Telki,66,1-4,18
Telki,90,1-4,33
Tevel,41,1-4,6
Tihany,41,1-4,7
Tihany,55,1-4,11
Tihany,90,1-4,8
Tinnye,41,1-4,5
Tinnye,90,1-4,8
Tiszaalpár,16,1-4,6
Tiszaalpár,41,1-4,11
Tiszabercel,41,1-4,6
Tiszabõ,41,1-4,5
Tiszacsege,66,1-4,5
Tiszaföldvár,41,1-4,10
Tiszaföldvár,66,1-4,10
Tiszaföldvár,90,1-4,6
Tiszafüred,41,1-4,18
Tiszafüred,55,1-4,26
Tiszafüred,66,1-4,22
Tiszafüred,90,1-4,11
Tiszakeszi,16,50-249,37
Tiszakécske,16,1-4,5
Tiszakécske,41,1-4,19
Tiszakécske,55,1-4,8
Tiszakécske,66,1-4,17
Tiszakécske,90,1-4,11
Tiszalök,41,1-4,6
Tiszalök,66,1-4,8
Tiszalök,80,1-4,6
Tiszalúc,23,10-19,5
Tiszapüspöki,41,1-4,6
Tiszaszalka,66,1-4,5
Tiszaszentimre,66,1-4,5
Tiszavasvári,16,1-4,6
Tiszavasvári,41,1-4,8
Tiszavasvári,66,1-4,14
Tiszavasvári,80,1-4,5
Tiszavasvári,90,1-4,9
Tiszaújváros,41,1-4,8
Tiszaújváros,55,1-4,9
Tiszaújváros,66,1-4,38
Tiszaújváros,90,1-4,10
Tokaj,11,1-4,9
Tokaj,41,1-4,7
Tokaj,55,1-4,16
Tokaj,90,1-4,5
Tokod,66,1-4,8
Tokod,23,20-49,51
Tokodaltáró,23,1-4,5
Tolcsva,66,1-4,6
Tolmács,23,10-19,15
Tolna,41,1-4,19
Tolna,66,1-4,34
Tolna,90,1-4,8
Tompa,41,1-4,10
Tompa,66,1-4,5
Tordas,66,1-4,5
Tordas,90,1-4,13
Torvaj,23,1-4,6
Tunyogmatolcs,41,5-9,5
Tura,41,1-4,28
Tura,66,1-4,10
Tura,90,1-4,14
Tuzsér,41,1-4,7
Táborfalva,41,1-4,8
Tác,66,1-4,5
Tállya,41,1-4,6
Tállya,55,1-4,5
Tállya,16,5-9,5
Tápióbicske,41,1-4,6
Tápiógyörgye,66,1-4,9
Tápiószecsõ,41,1-4,10
Tápiószecsõ,66,1-4,8
Tápiószecsõ,90,1-4,8
Tápiószele,41,1-4,10
Tápiószele,66,1-4,11
Tápiószentmárton,41,1-4,7
Tápiószentmárton,66,1-4,7
Tápiószentmárton,80,1-4,5
Tápiószõlõs,41,1-4,6
Tápiószõlõs,66,1-4,5
Tápióság,66,1-4,6
Tárnok,41,1-4,19
Tárnok,66,1-4,26
Tárnok,80,1-4,6
Tárnok,90,1-4,22
Tát,23,1-4,110
Tát,41,1-4,6
Tát,66,1-4,11
Tát,90,1-4,5
Tát,23,10-19,11
Tát,23,5-9,71
Tázlár,41,1-4,5
Téglás,41,1-4,9
Téglás,66,1-4,15
Téglás,80,1-4,6
Tésa,41,1-4,21
Tésa,66,1-4,6
Tésa,41,5-9,7
Tóalmás,55,1-4,5
Tóalmás,90,1-4,6
Tószeg,41,1-4,8
Tószeg,66,1-4,8
Tószeg,90,1-4,6
Tótkomlós,16,1-4,5
Tótkomlós,41,1-4,7
Tótkomlós,66,1-4,13
Tótkomlós,90,1-4,7
Tótkomlós,41,5-9,5
Tök,90,1-4,6
Tököl,41,1-4,20
Tököl,66,1-4,13
Tököl,90,1-4,11
Törtel,41,1-4,9
Törökbálint,41,1-4,30
Törökbálint,55,1-4,8
Törökbálint,66,1-4,38
Törökbálint,80,1-4,6
Törökbálint,90,1-4,47
Törökbálint,41,5-9,7
Törökszentmiklós,41,1-4,17
Törökszentmiklós,66,1-4,38
Törökszentmiklós,90,1-4,18
Töttös,41,1-4,5
Túrkeve,66,1-4,11
Túrkeve,90,1-4,8
Túrkeve,23,20-49,15
Uszód,23,1-4,22
Vaja,41,1-4,5
Vaja,23,5-9,10
Vaja,23,50-249,5
Vajdácska,41,1-4,6
Vajdácska,66,1-4,6
Vajszló,16,1-4,29
Vajszló,66,1-4,8
Vajszló,16,20-49,9
Varbó,66,1-4,7
Vasad,41,1-4,6
Vasad,66,1-4,5
Vaskút,41,1-4,8
Vaskút,66,1-4,7
Vecsés,16,1-4,11
Vecsés,41,1-4,38
Vecsés,55,1-4,10
Vecsés,66,1-4,45
Vecsés,80,1-4,8
Vecsés,90,1-4,33
Vecsés,41,5-9,8
Velence,41,1-4,9
Velence,55,1-4,7
Velence,66,1-4,19
Velence,80,1-4,6
Velence,90,1-4,20
Veresegyház,16,1-4,5
Veresegyház,41,1-4,35
Veresegyház,55,1-4,11
Veresegyház,66,1-4,50
Veresegyház,80,1-4,5
Veresegyház,90,1-4,49
Veresegyház,41,5-9,7
Verpelét,23,1-4,13
Verpelét,41,1-4,7
Verpelét,66,1-4,5
Verpelét,80,1-4,5
Verõce,41,1-4,10
Verõce,66,1-4,8
Verõce,90,1-4,16
Veszprém,11,1-4,10
Veszprém,16,1-4,13
Veszprém,41,1-4,111
Veszprém,55,1-4,26
Veszprém,66,1-4,224
Veszprém,80,1-4,41
Veszprém,90,1-4,165
Veszprém,41,10-19,6
Veszprém,55,10-19,8
Veszprém,41,5-9,10
Villány,11,1-4,22
Villány,41,1-4,7
Villány,55,1-4,12
Villány,11,10-19,7
Villány,11,5-9,13
Villány,23,5-9,6
Villánykövesd,16,1-4,50
Visnye,16,1-4,25
Visz,23,1-4,18
Vác,11,1-4,6
Vác,16,1-4,10
Vác,23,1-4,7
Vác,41,1-4,56
Vác,55,1-4,11
Vác,66,1-4,82
Vác,80,1-4,9
Vác,90,1-4,72
Vác,41,10-19,7
Vác,41,5-9,10
Vácduka,41,1-4,5
Vácrátót,90,1-4,6
Vácszentlászló,66,1-4,5
Vál,41,1-4,6
Vál,90,1-4,5
Vámosgyörk,23,1-4,12
Vámosgyörk,66,1-4,13
Vámospércs,41,1-4,14
Vámospércs,66,1-4,8
Vámospércs,80,1-4,5
Váncsod,23,5-9,41
Várdomb,41,1-4,7
Várdomb,90,1-4,5
Várpalota,41,1-4,23
Várpalota,66,1-4,38
Várpalota,80,1-4,14
Várpalota,90,1-4,21
Vászoly,55,1-4,7
Vásárosnamény,16,1-4,7
Vásárosnamény,41,1-4,8
Vásárosnamény,55,1-4,6
Vásárosnamény,66,1-4,37
Vékény,16,10-19,63
Vértessomló,66,1-4,7
Vértesszõlõs,41,1-4,11
Vértesszõlõs,66,1-4,11
Vértestolna,41,1-4,5
Vésztõ,41,1-4,6
Vésztõ,66,1-4,10
Zagyvarékas,41,1-4,6
Zagyvarékas,66,1-4,7
Zagyvarékas,80,1-4,6
Zalahaláp,66,1-4,7
Zamárdi,41,1-4,6
Zamárdi,55,1-4,17
Zamárdi,66,1-4,6
Zebegény,55,1-4,5
Zebegény,90,1-4,5
Zirc,16,1-4,5
Zirc,41,1-4,14
Zirc,55,1-4,5
Zirc,66,1-4,17
Zirc,90,1-4,8
Zirc,41,5-9,5
Zomba,66,1-4,8
Zsombó,41,1-4,11
Zsombó,66,1-4,12
Zsombó,90,1-4,10
Zsáka,66,1-4,5
Zsámbok,41,1-4,5
Zsámbék,41,1-4,14
Zsámbék,66,1-4,11
Zsámbék,90,1-4,30
Záhony,66,1-4,9
Zákányszék,66,1-4,8
Zánka,11,1-4,5
Zánka,55,1-4,6
Ács,41,1-4,8
Ács,66,1-4,6
Ács,90,1-4,6
Álmosd,80,1-4,7
Áporka,90,1-4,5
Ásotthalom,41,1-4,5
Ásotthalom,66,1-4,6
Érd,11,1-4,6
Érd,16,1-4,15
Érd,23,1-4,15
Érd,41,1-4,177
Érd,55,1-4,8
Érd,66,1-4,189
Érd,78,1-4,7
Érd,80,1-4,26
Érd,90,1-4,189
Érd,41,10-19,19
Érd,41,5-9,41
Érsekcsanád,41,1-4,6
Érsekcsanád,66,1-4,5
Érsekvadkert,41,1-4,10
Ócsa,16,1-4,5
Ócsa,41,1-4,29
Ócsa,66,1-4,17
Ócsa,90,1-4,9
Ópályi,41,1-4,6
Ózd,16,1-4,15
Ózd,41,1-4,20
Ózd,55,1-4,5
Ózd,66,1-4,50
Ózd,80,1-4,8
Ózd,90,1-4,23
Ózd,16,5-9,13
Õrbottyán,41,1-4,19
Õrbottyán,66,1-4,20
Õrbottyán,90,1-4,29
Öreglak,16,50-249,12
Örkény,41,1-4,11
Örkény,66,1-4,5
Újfehértó,41,1-4,20
Újfehértó,66,1-4,18
Újfehértó,90,1-4,13
Újhartyán,90,1-4,7
Újkígyós,16,1-4,5
Újkígyós,41,1-4,5
Újkígyós,66,1-4,8
Újkígyós,90,1-4,5
Újlengyel,16,1-4,5
Újlengyel,41,1-4,146
Újlengyel,55,1-4,9
Újlengyel,66,1-4,47
Újlengyel,78,1-4,11
Újlengyel,80,1-4,14
Újlengyel,90,1-4,14
Újlengyel,41,10-19,13
Újlengyel,80,10-19,8
Újlengyel,41,20-49,5
Újlengyel,78,20-49,12
Újlengyel,80,20-49,8
Újlengyel,78,250-1000,6
Újlengyel,41,5-9,43
Újlengyel,78,50-249,26
Újlengyel,80,50-249,7
Újszentiván,41,1-4,5
Újszentiván,66,1-4,5
Újszász,80,1-4,7
Újtikos,23,1-4,22
Úrhida,41,1-4,5
Úrhida,90,1-4,6
Úri,41,1-4,11
Üllés,66,1-4,6
Üllés,90,1-4,5
Üllõ,41,1-4,21
Üllõ,66,1-4,35
Üllõ,80,1-4,7
Üllõ,90,1-4,15
Üröm,41,1-4,21
Üröm,55,1-4,6
Üröm,66,1-4,26
Üröm,78,1-4,5
Üröm,90,1-4,27
Üröm,41,5-9,7
Visegrád,55,1-4,10
Visegrád,90,1-4,9
